git_hash=280a4d3,max_arr_sz=12500000000
n,duration_ns
2,651069
125000002,765389
250000002,775819
375000002,675799
500000002,797179
625000002,624489
750000002,768169
875000002,784209
1000000002,728389
1125000002,768689
1250000002,672729
1375000002,717469
1500000002,761259
1625000002,670750
1750000002,725439
1875000002,753339
2000000002,658759
2125000002,697649
2250000002,646979
2375000002,585339
2500000002,737040
2625000002,666829
2750000002,719449
2875000002,590889
3000000002,458249
3125000002,808919
3250000002,702269
3375000002,724519
3500000002,623940
3625000002,659549
3750000002,774699
3875000002,718959
4000000002,776129
4125000002,511139
4250000002,734109
4375000002,699579
4500000002,651029
4625000002,796409
4750000002,670460
4875000002,773989
5000000002,747949
5125000002,660299
5250000002,584120
5375000002,705839
5500000002,673189
5625000002,793549
5750000002,710219
5875000002,883109
6000000002,679479
6125000002,666660
6250000002,781369
6375000002,665929
6500000002,687119
6625000002,793089
6750000002,680469
6875000002,788889
7000000002,694109
7125000002,647419
7250000002,813619
7375000002,680420
7500000002,796889
7625000002,387919
7750000002,437889
7875000002,742479
8000000002,653569
8125000002,784189
8250000002,640699
8375000002,799439
8500000002,783419
8625000002,788999
8750000002,828349
8875000002,613139
9000000002,698479
9125000002,569969
9250000002,674639
9375000002,712779
9500000002,644009
9625000002,715059
9750000002,904859
9875000002,692439
10000000002,779749
10125000002,671329
10250000002,734099
10375000002,787529
10500000002,695399
10625000002,800309
10750000002,804679
10875000002,700889
11000000002,762819
11125000002,658219
11250000002,736259
11375000002,790149
11500000002,679879
11625000002,784849
11750000002,613929
11875000002,731939
12000000002,839579
12125000002,695880
12250000002,773199
12375000002,636259
2,532399
125000002,629920
250000002,756059
375000002,655789
500000002,802979
625000002,631089
750000002,701059
875000002,742129
1000000002,651609
1125000002,736969
1250000002,587489
1375000002,766399
1500000002,811219
1625000002,616049
1750000002,906328
1875000002,817879
2000000002,541119
2125000002,834299
2250000002,636639
2375000002,714189
2500000002,832449
2625000002,668169
2750000002,782069
2875000002,687819
3000000002,789739
3125000002,775449
3250000002,826879
3375000002,760319
3500000002,633679
3625000002,725229
3750000002,789509
3875000002,696329
4000000002,598789
4125000002,649510
4250000002,694349
4375000002,802899
4500000002,693869
4625000002,725569
4750000002,618299
4875000002,752169
5000000002,847099
5125000002,637050
5250000002,738989
5375000002,643429
5500000002,678299
5625000002,754069
5750000002,676589
5875000002,739859
6000000002,661969
6125000002,715269
6250000002,882258
6375000002,692629
6500000002,776399
6625000002,552229
6750000002,520400
6875000002,724039
7000000002,630829
7125000002,737139
7250000002,780189
7375000002,732409
7500000002,728429
7625000002,691469
7750000002,715699
7875000002,773349
8000000002,489649
8125000002,794459
8250000002,700839
8375000002,471549
8500000002,635649
8625000002,644349
8750000002,722549
8875000002,655139
9000000002,748109
9125000002,781839
9250000002,680059
9375000002,699089
9500000002,678199
9625000002,685919
9750000002,829529
9875000002,790279
10000000002,803228
10125000002,714359
10250000002,718409
10375000002,788779
10500000002,684599
10625000002,746429
10750000002,818339
10875000002,719459
11000000002,780839
11125000002,699770
11250000002,735419
11375000002,805989
11500000002,690139
11625000002,760019
11750000002,708669
11875000002,666009
12000000002,810759
12125000002,672779
12250000002,722169
12375000002,641179
2,422349
125000002,729989
250000002,791029
375000002,671839
500000002,799708
625000002,650380
750000002,681719
875000002,790839
1000000002,761249
1125000002,756239
1250000002,676640
1375000002,752679
1500000002,767549
1625000002,701649
1750000002,702009
1875000002,710689
2000000002,797199
2125000002,753869
2250000002,655809
2375000002,801819
2500000002,793559
2625000002,687479
2750000002,742549
2875000002,650400
3000000002,695969
3125000002,799099
3250000002,662599
3375000002,747599
3500000002,642629
3625000002,720499
3750000002,789128
3875000002,763919
4000000002,779409
4125000002,570399
4250000002,660849
4375000002,849509
4500000002,646220
4625000002,759479
4750000002,696199
4875000002,769149
5000000002,811258
5125000002,665229
5250000002,678689
5375000002,659869
5500000002,732549
5625000002,724699
5750000002,639080
5875000002,768739
6000000002,759389
6125000002,731139
6250000002,791419
6375000002,661509
6500000002,703269
6625000002,792659
6750000002,777929
6875000002,766229
7000000002,648329
7125000002,755169
7250000002,787259
7375000002,715479
7500000002,745799
7625000002,661969
7750000002,731419
7875000002,773739
8000000002,696199
8125000002,771499
8250000002,640420
8375000002,706869
8500000002,766219
8625000002,665999
8750000002,734029
8875000002,682599
9000000002,521079
9125000002,589480
9250000002,662269
9375000002,755549
9500000002,663359
9625000002,704679
9750000002,758989
9875000002,681499
10000000002,777059
10125000002,639539
10250000002,715779
10375000002,596649
10500000002,669949
10625000002,685809
10750000002,813909
10875000002,633069
11000000002,775789
11125000002,610049
11250000002,789279
11375000002,724319
11500000002,658739
11625000002,850619
11750000002,609159
11875000002,675829
12000000002,761609
12125000002,740149
12250000002,787169
12375000002,664919
2,615260
125000002,745009
250000002,819638
375000002,686109
500000002,745800
625000002,677239
750000002,763939
875000002,828239
1000000002,688329
1125000002,769619
1250000002,636239
1375000002,675219
1500000002,765589
1625000002,663840
1750000002,709019
1875000002,834639
2000000002,709029
2125000002,781029
2250000002,706369
2375000002,710649
2500000002,809079
2625000002,690279
2750000002,750459
2875000002,658489
3000000002,755459
3125000002,796589
3250000002,689359
3375000002,606909
3500000002,566149
3625000002,707389
3750000002,876428
3875000002,702169
4000000002,754749
4125000002,724539
4250000002,741629
4375000002,815339
4500000002,702399
4625000002,723019
4750000002,638929
4875000002,728349
5000000002,807269
5125000002,686089
5250000002,729919
5375000002,673169
5500000002,678679
5625000002,761059
5750000002,683939
5875000002,725869
6000000002,683899
6125000002,472959
6250000002,770889
6375000002,633090
6500000002,773749
6625000002,792169
6750000002,684479
6875000002,711789
7000000002,652210
7125000002,690259
7250000002,797909
7375000002,759989
7500000002,772709
7625000002,698069
7750000002,802389
7875000002,919308
8000000002,695049
8125000002,770429
8250000002,692959
8375000002,787729
8500000002,774729
8625000002,649829
8750000002,764919
8875000002,629029
9000000002,819569
9125000002,879399
9250000002,680609
9375000002,777399
9500000002,671789
9625000002,734169
9750000002,692749
9875000002,666739
10000000002,745039
10125000002,718139
10250000002,686859
10375000002,806919
10500000002,716619
10625000002,752269
10750000002,806799
10875000002,707839
11000000002,825138
11125000002,696309
11250000002,767029
11375000002,777249
11500000002,672449
11625000002,772559
11750000002,673109
11875000002,720829
12000000002,602330
12125000002,801599
12250000002,734730
12375000002,617559
2,567900
125000002,714159
250000002,773339
375000002,752449
500000002,749129
625000002,698679
750000002,754259
875000002,574829
1000000002,637639
1125000002,693609
1250000002,635699
1375000002,663219
1500000002,791259
1625000002,657890
1750000002,760989
1875000002,806089
2000000002,731659
2125000002,756309
2250000002,692119
2375000002,673749
2500000002,727849
2625000002,694500
2750000002,787279
2875000002,743459
3000000002,782569
3125000002,753749
3250000002,659919
3375000002,763229
3500000002,686029
3625000002,759429
3750000002,797519
3875000002,658819
4000000002,702759
4125000002,654479
4250000002,688829
4375000002,803669
4500000002,569110
4625000002,645939
4750000002,755040
4875000002,793969
5000000002,834599
5125000002,614099
5250000002,674589
5375000002,728969
5500000002,722119
5625000002,735519
5750000002,667679
5875000002,767539
6000000002,665669
6125000002,716599
6250000002,826469
6375000002,695179
6500000002,768259
6625000002,797569
6750000002,718559
6875000002,738539
7000000002,656009
7125000002,688379
7250000002,785829
7375000002,689089
7500000002,855149
7625000002,636239
7750000002,725949
7875000002,913039
8000000002,698499
8125000002,839369
8250000002,630529
8375000002,766619
8500000002,821219
8625000002,675559
8750000002,790139
8875000002,658010
9000000002,767799
9125000002,948609
9250000002,683929
9375000002,738569
9500000002,719899
9625000002,782219
9750000002,806649
9875000002,677729
10000000002,723799
10125000002,672479
10250000002,760799
10375000002,763029
10500000002,660989
10625000002,894529
10750000002,828789
10875000002,711549
11000000002,718869
11125000002,714989
11250000002,779879
11375000002,791719
11500000002,779399
11625000002,753789
11750000002,844089
11875000002,830839
12000000002,786929
12125000002,758849
12250000002,794069
12375000002,754339
2,602059
125000002,696359
250000002,806069
375000002,777069
500000002,767939
625000002,662929
750000002,893049
875000002,738029
1000000002,700509
1125000002,748229
1250000002,657300
1375000002,685469
1500000002,774569
1625000002,901559
1750000002,438109
1875000002,737309
2000000002,758559
2125000002,769069
2250000002,684329
2375000002,693219
2500000002,820099
2625000002,737159
2750000002,1026389
2875000002,750849
3000000002,750159
3125000002,818019
3250000002,724789
3375000002,801909
3500000002,686219
3625000002,813049
3750000002,829359
3875000002,754029
4000000002,827059
4125000002,670459
4250000002,740999
4375000002,746129
4500000002,658819
4625000002,753499
4750000002,718579
4875000002,650349
5000000002,835079
5125000002,727109
5250000002,800219
5375000002,733589
5500000002,667689
5625000002,755539
5750000002,713139
5875000002,787529
6000000002,699279
6125000002,710479
6250000002,786129
6375000002,724729
6500000002,832439
6625000002,868509
6750000002,698279
6875000002,894679
7000000002,643709
7125000002,764899
7250000002,771259
7375000002,630080
7500000002,769979
7625000002,696269
7750000002,824589
7875000002,832219
8000000002,795869
8125000002,801609
8250000002,654419
8375000002,740339
8500000002,746399
8625000002,941088
8750000002,878549
8875000002,726759
9000000002,778369
9125000002,841479
9250000002,711759
9375000002,729760
9500000002,700149
9625000002,827899
9750000002,728539
9875000002,695820
10000000002,710829
10125000002,910009
10250000002,762469
10375000002,797129
10500000002,711949
10625000002,758059
10750000002,775759
10875000002,714757
11000000002,750857
11125000002,672947
11250000002,718887
11375000002,806926
11500000002,665357
11625000002,828626
11750000002,698957
11875000002,803116
12000000002,859246
12125000002,722727
12250000002,760557
12375000002,754047
2,553497
125000002,683106
250000002,534267
375000002,744986
500000002,747586
625000002,711366
750000002,688637
875000002,783216
1000000002,732556
1125000002,772996
1250000002,800106
1375000002,713017
1500000002,829216
1625000002,728597
1750000002,735137
1875000002,641727
2000000002,683107
2125000002,784286
2250000002,760066
2375000002,797637
2500000002,825026
2625000002,791086
2750000002,798426
2875000002,435538
3000000002,775746
3125000002,842136
3250000002,734047
3375000002,776486
3500000002,669297
3625000002,897636
3750000002,1035885
3875000002,744777
4000000002,739497
4125000002,624367
4250000002,717066
4375000002,780127
4500000002,685157
4625000002,772276
4750000002,717207
4875000002,691237
5000000002,771827
5125000002,676747
5250000002,806896
5375000002,677527
5500000002,683577
5625000002,786756
5750000002,816377
5875000002,788727
6000000002,854636
6125000002,685807
6250000002,764736
6375000002,695487
6500000002,647987
6625000002,776586
6750000002,669817
6875000002,836656
7000000002,702306
7125000002,793337
7250000002,827657
7375000002,699947
7500000002,736387
7625000002,671937
7750000002,767757
7875000002,869466
8000000002,836306
8125000002,764077
8250000002,640007
8375000002,702587
8500000002,829036
8625000002,687477
8750000002,722717
8875000002,595457
9000000002,760267
9125000002,841626
9250000002,702157
9375000002,738527
9500000002,691887
9625000002,902126
9750000002,849016
9875000002,748647
10000000002,801956
10125000002,676667
10250000002,815556
10375000002,883636
10500000002,736337
10625000002,891056
10750000002,1098095
10875000002,763127
11000000002,805277
11125000002,703397
11250000002,870056
11375000002,754317
11500000002,678487
11625000002,776066
11750000002,703337
11875000002,783987
12000000002,811096
12125000002,708787
12250000002,745176
12375000002,689427
2,588427
125000002,714447
250000002,831687
375000002,766427
500000002,751797
625000002,701697
750000002,769737
875000002,815176
1000000002,645468
1125000002,777646
1250000002,666927
1375000002,698057
1500000002,789966
1625000002,698417
1750000002,804017
1875000002,812197
2000000002,789777
2125000002,834326
2250000002,655297
2375000002,689917
2500000002,755407
2625000002,753806
2750000002,791886
2875000002,599428
3000000002,697887
3125000002,884896
3250000002,707097
3375000002,700076
3500000002,665727
3625000002,869126
3750000002,820137
3875000002,548507
4000000002,777506
4125000002,593308
4250000002,577828
4375000002,788857
4500000002,687257
4625000002,794167
4750000002,650838
4875000002,702167
5000000002,592078
5125000002,695337
5250000002,941796
5375000002,730717
5500000002,743587
5625000002,840836
5750000002,730667
5875000002,681587
6000000002,647588
6125000002,730967
6250000002,937696
6375000002,665097
6500000002,776796
6625000002,811707
6750000002,741657
6875000002,888666
7000000002,664927
7125000002,781777
7250000002,779627
7375000002,712937
7500000002,865057
7625000002,695727
7750000002,684267
7875000002,801397
8000000002,811167
8125000002,774147
8250000002,709566
8375000002,769056
8500000002,898526
8625000002,758766
8750000002,755017
8875000002,696067
9000000002,763066
9125000002,982906
9250000002,797206
9375000002,758227
9500000002,596947
9625000002,671657
9750000002,850607
9875000002,640807
10000000002,797676
10125000002,720487
10250000002,732197
10375000002,673037
10500000002,644518
10625000002,839986
10750000002,881416
10875000002,723787
11000000002,857816
11125000002,689097
11250000002,826107
11375000002,888956
11500000002,700707
11625000002,842356
11750000002,759476
11875000002,825326
12000000002,860826
12125000002,748476
12250000002,789087
12375000002,695227
2,578658
125000002,880846
250000002,746257
375000002,932956
500000002,756217
625000002,702807
750000002,680847
875000002,896396
1000000002,719527
1125000002,551178
1250000002,574517
1375000002,815826
1500000002,763327
1625000002,672347
1750000002,786057
1875000002,902216
2000000002,738147
2125000002,744146
2250000002,655077
2375000002,833497
2500000002,988806
2625000002,795257
2750000002,702967
2875000002,622077
3000000002,866417
3125000002,905016
3250000002,736647
3375000002,793777
3500000002,691207
3625000002,802856
3750000002,871996
3875000002,567538
4000000002,787357
4125000002,702756
4250000002,798547
4375000002,848466
4500000002,695197
4625000002,836796
4750000002,755536
4875000002,813936
5000000002,797186
5125000002,729157
5250000002,767167
5375000002,583587
5500000002,662117
5625000002,714597
5750000002,706897
5875000002,703577
6000000002,724077
6125000002,732206
6250000002,889526
6375000002,746716
6500000002,751357
6625000002,853856
6750000002,700547
6875000002,764586
7000000002,690577
7125000002,753337
7250000002,776827
7375000002,730697
7500000002,749616
7625000002,598037
7750000002,725557
7875000002,1028425
8000000002,669227
8125000002,759327
8250000002,650677
8375000002,762537
8500000002,786047
8625000002,686247
8750000002,807196
8875000002,685927
9000000002,802557
9125000002,787107
9250000002,782317
9375000002,803936
9500000002,663937
9625000002,681857
9750000002,749857
9875000002,679917
10000000002,674177
10125000002,698367
10250000002,797467
10375000002,779237
10500000002,892436
10625000002,656377
10750000002,784337
10875000002,694587
11000000002,728757
11125000002,689997
11250000002,747887
11375000002,797027
11500000002,559048
11625000002,791437
11750000002,631317
11875000002,718117
12000000002,858076
12125000002,690257
12250000002,842786
12375000002,700117
2,580388
125000002,706097
250000002,799017
375000002,692067
500000002,757296
625000002,367798
750000002,807127
875000002,847577
1000000002,739987
1125000002,730677
1250000002,660517
1375000002,703997
1500000002,858466
1625000002,390158
1750000002,732967
1875000002,514708
2000000002,767907
2125000002,770617
2250000002,705827
2375000002,785977
2500000002,865226
2625000002,703047
2750000002,718557
2875000002,631967
3000000002,770547
3125000002,767086
3250000002,752837
3375000002,685347
3500000002,722806
3625000002,717447
3750000002,622038
3875000002,712317
4000000002,981736
4125000002,638527
4250000002,684407
4375000002,751467
4500000002,659328
4625000002,845686
4750000002,700727
4875000002,638757
5000000002,712297
5125000002,742476
5250000002,715387
5375000002,576038
5500000002,745387
5625000002,1015515
5750000002,748717
5875000002,782996
6000000002,704347
6125000002,795567
6250000002,751087
6375000002,694007
6500000002,786037
6625000002,812567
6750000002,752297
6875000002,761696
7000000002,685187
7125000002,700797
7250000002,747766
7375000002,790526
7500000002,718997
7625000002,689737
7750000002,785977
7875000002,874766
8000000002,767247
8125000002,753367
8250000002,696807
8375000002,735147
8500000002,825206
8625000002,736467
8750000002,758517
8875000002,701007
9000000002,817726
9125000002,750717
9250000002,742257
9375000002,781377
9500000002,808676
9625000002,733857
9750000002,731177
9875000002,671867
10000000002,807067
10125000002,704527
10250000002,768547
10375000002,899016
10500000002,720837
10625000002,754167
10750000002,784967
10875000002,537168
11000000002,785566
11125000002,665878
11250000002,842627
11375000002,842087
11500000002,636357
11625000002,819756
11750000002,653397
11875000002,760367
12000000002,779367
12125000002,648697
12250000002,744917
12375000002,709717
2,580977
125000002,724977
250000002,792707
375000002,729187
500000002,851277
625000002,714407
750000002,688367
875000002,761387
1000000002,690737
1125000002,696947
1250000002,658747
1375000002,691707
1500000002,881946
1625000002,689377
1750000002,765667
1875000002,825306
2000000002,745207
2125000002,760267
2250000002,625658
2375000002,700747
2500000002,839017
2625000002,785137
2750000002,655757
2875000002,661548
3000000002,694017
3125000002,518058
3250000002,677487
3375000002,693237
3500000002,571067
3625000002,708237
3750000002,892317
3875000002,755277
4000000002,935386
4125000002,710557
4250000002,836327
4375000002,761777
4500000002,885676
4625000002,700437
4750000002,421678
4875000002,656777
5000000002,823537
5125000002,669778
5250000002,832396
5375000002,692568
5500000002,707727
5625000002,781156
5750000002,658517
5875000002,839097
6000000002,691437
6125000002,585397
6250000002,761157
6375000002,679467
6500000002,735787
6625000002,773407
6750000002,810177
6875000002,474468
7000000002,604847
7125000002,721327
7250000002,829157
7375000002,644207
7500000002,771127
7625000002,713268
7750000002,777956
7875000002,866396
8000000002,717917
8125000002,779817
8250000002,671797
8375000002,672268
8500000002,820946
8625000002,572558
8750000002,771376
8875000002,680327
9000000002,734376
9125000002,781957
9250000002,621527
9375000002,736127
9500000002,638167
9625000002,637017
9750000002,836636
9875000002,695777
10000000002,744217
10125000002,665827
10250000002,794937
10375000002,811007
10500000002,707207
10625000002,683427
10750000002,775127
10875000002,771016
11000000002,808697
11125000002,741167
11250000002,795496
11375000002,871797
11500000002,742317
11625000002,750777
11750000002,716677
11875000002,751127
12000000002,883926
12125000002,712687
12250000002,788737
12375000002,677397
2,662447
125000002,762947
250000002,850246
375000002,717627
500000002,881346
625000002,701757
750000002,728277
875000002,804207
1000000002,721617
1125000002,723477
1250000002,514618
1375000002,700037
1500000002,765447
1625000002,683467
1750000002,756787
1875000002,901946
2000000002,789107
2125000002,893936
2250000002,660938
2375000002,747437
2500000002,826057
2625000002,807786
2750000002,786716
2875000002,811537
3000000002,710867
3125000002,830236
3250000002,687887
3375000002,763657
3500000002,642807
3625000002,754187
3750000002,829236
3875000002,720807
4000000002,764877
4125000002,634118
4250000002,748067
4375000002,723187
4500000002,740417
4625000002,742757
4750000002,685337
4875000002,703027
5000000002,766047
5125000002,641167
5250000002,750697
5375000002,705407
5500000002,735047
5625000002,782287
5750000002,680657
5875000002,893426
6000000002,726377
6125000002,694718
6250000002,856947
6375000002,656057
6500000002,758647
6625000002,829917
6750000002,733287
6875000002,788496
7000000002,724897
7125000002,766287
7250000002,812117
7375000002,724497
7500000002,759297
7625000002,682247
7750000002,723227
7875000002,809606
8000000002,723187
8125000002,820836
8250000002,646467
8375000002,672357
8500000002,819807
8625000002,652518
8750000002,808487
8875000002,725568
9000000002,718377
9125000002,782646
9250000002,860147
9375000002,691187
9500000002,618947
9625000002,715417
9750000002,902706
9875000002,668757
10000000002,733667
10125000002,692977
10250000002,695747
10375000002,775747
10500000002,688427
10625000002,812897
10750000002,800827
10875000002,708887
11000000002,806807
11125000002,790106
11250000002,730807
11375000002,814587
11500000002,721627
11625000002,777937
11750000002,691137
11875000002,686727
12000000002,828137
12125000002,730547
12250000002,603608
12375000002,678987
2,632467
125000002,712628
250000002,737527
375000002,596268
500000002,768627
625000002,677057
750000002,734527
875000002,811327
1000000002,700687
1125000002,822427
1250000002,635247
1375000002,756087
1500000002,740367
1625000002,688387
1750000002,759167
1875000002,862177
2000000002,574538
2125000002,790097
2250000002,668947
2375000002,736707
2500000002,797536
2625000002,726857
2750000002,800557
2875000002,672487
3000000002,642297
3125000002,883716
3250000002,723397
3375000002,785217
3500000002,624758
3625000002,775897
3750000002,856577
3875000002,722007
4000000002,733937
4125000002,773507
4250000002,724337
4375000002,914017
4500000002,838697
4625000002,767076
4750000002,861277
4875000002,563647
5000000002,773317
5125000002,626607
5250000002,754297
5375000002,730427
5500000002,703887
5625000002,763747
5750000002,655308
5875000002,715957
6000000002,690048
6125000002,421018
6250000002,721027
6375000002,697277
6500000002,918537
6625000002,964936
6750000002,687598
6875000002,594228
7000000002,673187
7125000002,715007
7250000002,926136
7375000002,727277
7500000002,694328
7625000002,723877
7750000002,775986
7875000002,841286
8000000002,657638
8125000002,802367
8250000002,638548
8375000002,743137
8500000002,814507
8625000002,641448
8750000002,845227
8875000002,637807
9000000002,711407
9125000002,833087
9250000002,887177
9375000002,817156
9500000002,688227
9625000002,791706
9750000002,858436
9875000002,851716
10000000002,746357
10125000002,683117
10250000002,761067
10375000002,894147
10500000002,672887
10625000002,788707
10750000002,770847
10875000002,793826
11000000002,710757
11125000002,683188
11250000002,772757
11375000002,829597
11500000002,740177
11625000002,808896
11750000002,674138
11875000002,772947
12000000002,934016
12125000002,700717
12250000002,840917
12375000002,661107
2,549998
125000002,794137
250000002,809777
375000002,708287
500000002,758597
625000002,761607
750000002,749887
875000002,794627
1000000002,681297
1125000002,888146
1250000002,485968
1375000002,675347
1500000002,710857
1625000002,715547
1750000002,867067
1875000002,765447
2000000002,823337
2125000002,770547
2250000002,954296
2375000002,767417
2500000002,814387
2625000002,747797
2750000002,805637
2875000002,678718
3000000002,737407
3125000002,781067
3250000002,734667
3375000002,871287
3500000002,654377
3625000002,723657
3750000002,748767
3875000002,668358
4000000002,864697
4125000002,676188
4250000002,691348
4375000002,940416
4500000002,750867
4625000002,767717
4750000002,798387
4875000002,830717
5000000002,737407
5125000002,714987
5250000002,789327
5375000002,721807
5500000002,731187
5625000002,752927
5750000002,711997
5875000002,782237
6000000002,850057
6125000002,917186
6250000002,749197
6375000002,673948
6500000002,733527
6625000002,826267
6750000002,788057
6875000002,838527
7000000002,650268
7125000002,799206
7250000002,844937
7375000002,704167
7500000002,748607
7625000002,647207
7750000002,715487
7875000002,811817
8000000002,747027
8125000002,815466
8250000002,806207
8375000002,695217
8500000002,791957
8625000002,737817
8750000002,857377
8875000002,667757
9000000002,743457
9125000002,768877
9250000002,705067
9375000002,942886
9500000002,759837
9625000002,916296
9750000002,854137
9875000002,831187
10000000002,845787
10125000002,680797
10250000002,789247
10375000002,850117
10500000002,696457
10625000002,1061056
10750000002,936746
10875000002,726367
11000000002,815577
11125000002,765037
11250000002,817407
11375000002,734597
11500000002,814587
11625000002,596958
11750000002,673918
11875000002,745767
12000000002,906696
12125000002,705357
12250000002,786797
12375000002,662647
2,638897
125000002,775497
250000002,775807
375000002,619008
500000002,756827
625000002,403049
750000002,701408
875000002,806657
1000000002,673147
1125000002,635828
1250000002,877367
1375000002,750627
1500000002,780846
1625000002,676407
1750000002,735287
1875000002,821837
2000000002,700337
2125000002,792007
2250000002,659287
2375000002,723558
2500000002,800197
2625000002,669727
2750000002,782537
2875000002,680677
3000000002,794207
3125000002,862486
3250000002,761037
3375000002,869567
3500000002,685347
3625000002,703177
3750000002,828306
3875000002,731168
4000000002,826437
4125000002,664498
4250000002,736787
4375000002,811507
4500000002,765857
4625000002,786357
4750000002,688447
4875000002,773257
5000000002,786157
5125000002,715907
5250000002,679008
5375000002,673137
5500000002,690808
5625000002,934476
5750000002,696028
5875000002,761237
6000000002,673508
6125000002,720368
6250000002,807937
6375000002,656118
6500000002,764877
6625000002,843647
6750000002,730887
6875000002,781937
7000000002,608978
7125000002,730477
7250000002,863537
7375000002,707577
7500000002,743498
7625000002,750827
7750000002,930286
7875000002,1005816
8000000002,730737
8125000002,801317
8250000002,683757
8375000002,732297
8500000002,776037
8625000002,727378
8750000002,833877
8875000002,737477
9000000002,750497
9125000002,832897
9250000002,705398
9375000002,719767
9500000002,716567
9625000002,686597
9750000002,767887
9875000002,768968
10000000002,795597
10125000002,658528
10250000002,743917
10375000002,790467
10500000002,748437
10625000002,621647
10750000002,638908
10875000002,688267
11000000002,916847
11125000002,593958
11250000002,651928
11375000002,804127
11500000002,686627
11625000002,689918
11750000002,695828
11875000002,712647
12000000002,728207
12125000002,685467
12250000002,828667
12375000002,577188
2,568058
125000002,665738
250000002,609008
375000002,702257
500000002,776297
625000002,684407
750000002,720517
875000002,916307
1000000002,709617
1125000002,742257
1250000002,743417
1375000002,745948
1500000002,860247
1625000002,752527
1750000002,623538
1875000002,898756
2000000002,720177
2125000002,858706
2250000002,727727
2375000002,915226
2500000002,778797
2625000002,685428
2750000002,806517
2875000002,701268
3000000002,730537
3125000002,806257
3250000002,716688
3375000002,852447
3500000002,692747
3625000002,744578
3750000002,865096
3875000002,703197
4000000002,778887
4125000002,645438
4250000002,744007
4375000002,765567
4500000002,677257
4625000002,766137
4750000002,679157
4875000002,900476
5000000002,946377
5125000002,709218
5250000002,719297
5375000002,674308
5500000002,738867
5625000002,890096
5750000002,675528
5875000002,779037
6000000002,785617
6125000002,762647
6250000002,923047
6375000002,734668
6500000002,765937
6625000002,931637
6750000002,780197
6875000002,877287
7000000002,758137
7125000002,842477
7250000002,898977
7375000002,806047
7500000002,861417
7625000002,775288
7750000002,809597
7875000002,891926
8000000002,827247
8125000002,733968
8250000002,682768
8375000002,839916
8500000002,812157
8625000002,761407
8750000002,791567
8875000002,649747
9000000002,540748
9125000002,468288
9250000002,687217
9375000002,761347
9500000002,624098
9625000002,719497
9750000002,744607
9875000002,655718
10000000002,827387
10125000002,743347
10250000002,737927
10375000002,816397
10500000002,706588
10625000002,821167
10750000002,864056
10875000002,796127
11000000002,822097
11125000002,698988
11250000002,759437
11375000002,810417
11500000002,672247
11625000002,823497
11750000002,698287
11875000002,786957
12000000002,890107
12125000002,728308
12250000002,780047
12375000002,636567
2,554728
125000002,762467
250000002,663457
375000002,696617
500000002,750787
625000002,692068
750000002,867577
875000002,799997
1000000002,708358
1125000002,734927
1250000002,926087
1375000002,645088
1500000002,784297
1625000002,715437
1750000002,728037
1875000002,800457
2000000002,820287
2125000002,801797
2250000002,696457
2375000002,850977
2500000002,903436
2625000002,478738
2750000002,775387
2875000002,676808
3000000002,755007
3125000002,800787
3250000002,750957
3375000002,933466
3500000002,789617
3625000002,830397
3750000002,775287
3875000002,696227
4000000002,794597
4125000002,628417
4250000002,674448
4375000002,790677
4500000002,750027
4625000002,778267
4750000002,657348
4875000002,765327
5000000002,863067
5125000002,804017
5250000002,736637
5375000002,734877
5500000002,742177
5625000002,828377
5750000002,888826
5875000002,763637
6000000002,722977
6125000002,860517
6250000002,941157
6375000002,744678
6500000002,781458
6625000002,1125996
6750000002,877897
6875000002,887327
7000000002,678538
7125000002,871777
7250000002,772057
7375000002,711397
7500000002,987316
7625000002,613797
7750000002,769677
7875000002,793267
8000000002,763697
8125000002,761557
8250000002,644538
8375000002,694237
8500000002,751197
8625000002,652728
8750000002,767497
8875000002,694747
9000000002,790377
9125000002,1216146
9250000002,716787
9375000002,564278
9500000002,713768
9625000002,756247
9750000002,798837
9875000002,644207
10000000002,847727
10125000002,651098
10250000002,767787
10375000002,788047
10500000002,917206
10625000002,783187
10750000002,739497
10875000002,577808
11000000002,937377
11125000002,894227
11250000002,789797
11375000002,656197
11500000002,700677
11625000002,784577
11750000002,655297
11875000002,752267
12000000002,848977
12125000002,913486
12250000002,705888
12375000002,729897
2,603218
125000002,816657
250000002,856077
375000002,645148
500000002,816107
625000002,771147
750000002,724447
875000002,816017
1000000002,697028
1125000002,734467
1250000002,705158
1375000002,770617
1500000002,474628
1625000002,757937
1750000002,941906
1875000002,916156
2000000002,714997
2125000002,720228
2250000002,619548
2375000002,727507
2500000002,755407
2625000002,768177
2750000002,849167
2875000002,763657
3000000002,719557
3125000002,808407
3250000002,835387
3375000002,703447
3500000002,634207
3625000002,668348
3750000002,805207
3875000002,658097
4000000002,825637
4125000002,667288
4250000002,946896
4375000002,851787
4500000002,708087
4625000002,774897
4750000002,706387
4875000002,735427
5000000002,879596
5125000002,724027
5250000002,754568
5375000002,666468
5500000002,759778
5625000002,827097
5750000002,755247
5875000002,789887
6000000002,715407
6125000002,553818
6250000002,827947
6375000002,767818
6500000002,722458
6625000002,879437
6750000002,707227
6875000002,776397
7000000002,487809
7125000002,753627
7250000002,815537
7375000002,695368
7500000002,808088
7625000002,774717
7750000002,766587
7875000002,828866
8000000002,520158
8125000002,727858
8250000002,782487
8375000002,808298
8500000002,848547
8625000002,702587
8750000002,865557
8875000002,692147
9000000002,737268
9125000002,843347
9250000002,689357
9375000002,833387
9500000002,674068
9625000002,708618
9750000002,800397
9875000002,793227
10000000002,855647
10125000002,653657
10250000002,746127
10375000002,789617
10500000002,739047
10625000002,745347
10750000002,836107
10875000002,686388
11000000002,685307
11125000002,641548
11250000002,720798
11375000002,840947
11500000002,675617
11625000002,816897
11750000002,695757
11875000002,799317
12000000002,861616
12125000002,702348
12250000002,807747
12375000002,731587
2,597168
125000002,789327
250000002,861287
375000002,717868
500000002,713918
625000002,723008
750000002,732067
875000002,860527
1000000002,709528
1125000002,865197
1250000002,661797
1375000002,716778
1500000002,765517
1625000002,727057
1750000002,769257
1875000002,920387
2000000002,727327
2125000002,742358
2250000002,652248
2375000002,849027
2500000002,863287
2625000002,750158
2750000002,784247
2875000002,729037
3000000002,830687
3125000002,855777
3250000002,1031156
3375000002,821947
3500000002,715128
3625000002,809267
3750000002,967086
3875000002,748797
4000000002,846177
4125000002,600378
4250000002,490038
4375000002,920397
4500000002,505608
4625000002,762258
4750000002,546928
4875000002,736327
5000000002,815287
5125000002,739047
5250000002,743958
5375000002,665898
5500000002,728028
5625000002,760518
5750000002,730217
5875000002,753998
6000000002,668978
6125000002,997907
6250000002,851647
6375000002,708168
6500000002,806407
6625000002,1069456
6750000002,702488
6875000002,816758
7000000002,811947
7125000002,670018
7250000002,857507
7375000002,771148
7500000002,816557
7625000002,756287
7750000002,862267
7875000002,855237
8000000002,739967
8125000002,790167
8250000002,714658
8375000002,739548
8500000002,849416
8625000002,712868
8750000002,763627
8875000002,794967
9000000002,698718
9125000002,779267
9250000002,748997
9375000002,879647
9500000002,757387
9625000002,772727
9750000002,811187
9875000002,682918
10000000002,860127
10125000002,759777
10250000002,664508
10375000002,800807
10500000002,778748
10625000002,778597
10750000002,894166
10875000002,675867
11000000002,761848
11125000002,663257
11250000002,784397
11375000002,856257
11500000002,808548
11625000002,878797
11750000002,671348
11875000002,732297
12000000002,856497
12125000002,781978
12250000002,713168
12375000002,698858
2,629568
125000002,743957
250000002,853707
375000002,620588
500000002,829168
625000002,710068
750000002,758017
875000002,807047
1000000002,709898
1125000002,728177
1250000002,765068
1375000002,805547
1500000002,803377
1625000002,644267
1750000002,689177
1875000002,843837
2000000002,734857
2125000002,709828
2250000002,654368
2375000002,452578
2500000002,832087
2625000002,727708
2750000002,777827
2875000002,966956
3000000002,644227
3125000002,915507
3250000002,719537
3375000002,888157
3500000002,673647
3625000002,717808
3750000002,821127
3875000002,681148
4000000002,773857
4125000002,636918
4250000002,803068
4375000002,750818
4500000002,778538
4625000002,712507
4750000002,660077
4875000002,610908
5000000002,791958
5125000002,693458
5250000002,825927
5375000002,551328
5500000002,728288
5625000002,858167
5750000002,692637
5875000002,716297
6000000002,634577
6125000002,822157
6250000002,738508
6375000002,634487
6500000002,808757
6625000002,653958
6750000002,594448
6875000002,821297
7000000002,747708
7125000002,714528
7250000002,795907
7375000002,644188
7500000002,784957
7625000002,647788
7750000002,754797
7875000002,808018
8000000002,773677
8125000002,817008
8250000002,704707
8375000002,725197
8500000002,820857
8625000002,630468
8750000002,790437
8875000002,660918
9000000002,785297
9125000002,617638
9250000002,793467
9375000002,813087
9500000002,735437
9625000002,739457
9750000002,793687
9875000002,648658
10000000002,691338
10125000002,647178
10250000002,825428
10375000002,970686
10500000002,657007
10625000002,804627
10750000002,905227
10875000002,679798
11000000002,849547
11125000002,792758
11250000002,611408
11375000002,776647
11500000002,693158
11625000002,747557
11750000002,724427
11875000002,777667
12000000002,908727
12125000002,681777
12250000002,757717
12375000002,620148
2,563958
125000002,732928
250000002,815827
375000002,618048
500000002,692608
625000002,721857
750000002,668237
875000002,777857
1000000002,691247
1125000002,748557
1250000002,687287
1375000002,891987
1500000002,795818
1625000002,692307
1750000002,824427
1875000002,851107
2000000002,711518
2125000002,840977
2250000002,699397
2375000002,767607
2500000002,795297
2625000002,789007
2750000002,748698
2875000002,783778
3000000002,743838
3125000002,788377
3250000002,769197
3375000002,828557
3500000002,712868
3625000002,844498
3750000002,824917
3875000002,777747
4000000002,791838
4125000002,678587
4250000002,709847
4375000002,798607
4500000002,736738
4625000002,825597
4750000002,699058
4875000002,737468
5000000002,805118
5125000002,746637
5250000002,1030587
5375000002,550058
5500000002,706088
5625000002,850457
5750000002,711547
5875000002,792387
6000000002,692588
6125000002,433759
6250000002,834387
6375000002,696198
6500000002,763957
6625000002,955737
6750000002,682107
6875000002,783108
7000000002,729057
7125000002,692797
7250000002,863717
7375000002,698007
7500000002,809617
7625000002,749178
7750000002,795837
7875000002,802777
8000000002,706788
8125000002,765087
8250000002,743688
8375000002,871287
8500000002,785048
8625000002,689838
8750000002,743137
8875000002,622338
9000000002,696017
9125000002,760987
9250000002,739248
9375000002,770557
9500000002,759827
9625000002,711477
9750000002,864047
9875000002,527678
10000000002,780297
10125000002,723027
10250000002,733947
10375000002,724677
10500000002,765277
10625000002,779418
10750000002,848267
10875000002,729317
11000000002,792277
11125000002,631988
11250000002,851477
11375000002,771847
11500000002,756057
11625000002,765808
11750000002,555908
11875000002,762217
12000000002,792387
12125000002,928706
12250000002,791047
12375000002,621978
2,626558
125000002,719477
250000002,829827
375000002,731437
500000002,824928
625000002,838297
750000002,849017
875000002,824617
1000000002,575728
1125000002,743607
1250000002,699327
1375000002,732428
1500000002,827978
1625000002,746887
1750000002,833417
1875000002,804047
2000000002,693668
2125000002,819477
2250000002,662067
2375000002,831807
2500000002,879657
2625000002,736268
2750000002,1014517
2875000002,746148
3000000002,780087
3125000002,787808
3250000002,657388
3375000002,769928
3500000002,695647
3625000002,745537
3750000002,886577
3875000002,796417
4000000002,781917
4125000002,708558
4250000002,839847
4375000002,953217
4500000002,767208
4625000002,737027
4750000002,698378
4875000002,796478
5000000002,604648
5125000002,735147
5250000002,764607
5375000002,693888
5500000002,597438
5625000002,787157
5750000002,703787
5875000002,707007
6000000002,695938
6125000002,756647
6250000002,758737
6375000002,672747
6500000002,792637
6625000002,792317
6750000002,737047
6875000002,807637
7000000002,614447
7125000002,761757
7250000002,839177
7375000002,705077
7500000002,726948
7625000002,720677
7750000002,716278
7875000002,760768
8000000002,715058
8125000002,846017
8250000002,694208
8375000002,740148
8500000002,819838
8625000002,840117
8750000002,809677
8875000002,704107
9000000002,789797
9125000002,777527
9250000002,839517
9375000002,806768
9500000002,731178
9625000002,784418
9750000002,865467
9875000002,683968
10000000002,781257
10125000002,678138
10250000002,784988
10375000002,797907
10500000002,683937
10625000002,834817
10750000002,795737
10875000002,740298
11000000002,798137
11125000002,700448
11250000002,744137
11375000002,790378
11500000002,792297
11625000002,816737
11750000002,719307
11875000002,804598
12000000002,822497
12125000002,755568
12250000002,824827
12375000002,674388
2,519578
125000002,707317
250000002,827107
375000002,970917
500000002,740148
625000002,706767
750000002,735947
875000002,832957
1000000002,775397
1125000002,780747
1250000002,682458
1375000002,691398
1500000002,832877
1625000002,752637
1750000002,791268
1875000002,818277
2000000002,704478
2125000002,762568
2250000002,729387
2375000002,747458
2500000002,816477
2625000002,714737
2750000002,819947
2875000002,725218
3000000002,1041586
3125000002,597518
3250000002,768797
3375000002,589858
3500000002,811167
3625000002,753288
3750000002,797878
3875000002,795657
4000000002,611358
4125000002,617418
4250000002,686068
4375000002,827547
4500000002,660708
4625000002,665658
4750000002,600288
4875000002,913357
5000000002,850187
5125000002,679798
5250000002,692527
5375000002,682518
5500000002,805657
5625000002,849097
5750000002,962267
5875000002,761098
6000000002,720478
6125000002,753957
6250000002,799877
6375000002,640077
6500000002,730518
6625000002,869387
6750000002,738277
6875000002,808947
7000000002,595358
7125000002,793217
7250000002,820398
7375000002,773518
7500000002,743307
7625000002,792618
7750000002,772317
7875000002,744108
8000000002,644998
8125000002,808697
8250000002,500278
8375000002,746277
8500000002,895727
8625000002,764117
8750000002,832627
8875000002,619658
9000000002,749108
9125000002,935807
9250000002,764077
9375000002,739707
9500000002,687108
9625000002,848827
9750000002,889887
9875000002,881868
10000000002,803067
10125000002,652947
10250000002,716317
10375000002,775017
10500000002,688938
10625000002,751427
10750000002,795857
10875000002,794878
11000000002,794467
11125000002,690637
11250000002,785418
11375000002,846067
11500000002,706208
11625000002,903977
11750000002,754357
11875000002,747207
12000000002,988896
12125000002,729608
12250000002,850777
12375000002,659897
2,631338
125000002,803148
250000002,725727
375000002,646078
500000002,741947
625000002,654367
750000002,730967
875000002,619738
1000000002,649178
1125000002,763947
1250000002,670618
1375000002,674368
1500000002,795497
1625000002,738638
1750000002,803397
1875000002,860047
2000000002,724028
2125000002,792868
2250000002,717918
2375000002,760388
2500000002,833877
2625000002,963447
2750000002,763708
2875000002,652238
3000000002,755797
3125000002,801167
3250000002,729448
3375000002,791417
3500000002,686588
3625000002,835567
3750000002,828907
3875000002,719237
4000000002,765338
4125000002,656988
4250000002,758217
4375000002,867377
4500000002,755797
4625000002,755767
4750000002,1011257
4875000002,685578
5000000002,984166
5125000002,658438
5250000002,722637
5375000002,643478
5500000002,776807
5625000002,859987
5750000002,693278
5875000002,764778
6000000002,729928
6125000002,757818
6250000002,824447
6375000002,699308
6500000002,763908
6625000002,868038
6750000002,865627
6875000002,764357
7000000002,690167
7125000002,872597
7250000002,781648
7375000002,751327
7500000002,759748
7625000002,860707
7750000002,783098
7875000002,818247
8000000002,715118
8125000002,658468
8250000002,647888
8375000002,728398
8500000002,797938
8625000002,706988
8750000002,809337
8875000002,686408
9000000002,740418
9125000002,761467
9250000002,716298
9375000002,778707
9500000002,744098
9625000002,688847
9750000002,750897
9875000002,690308
10000000002,766138
10125000002,604548
10250000002,705237
10375000002,800138
10500000002,588158
10625000002,751078
10750000002,792457
10875000002,725687
11000000002,809917
11125000002,642318
11250000002,741207
11375000002,758678
11500000002,739757
11625000002,798497
11750000002,876727
11875000002,736327
12000000002,668948
12125000002,632808
12250000002,687428
12375000002,659758
2,561248
125000002,664028
250000002,779467
375000002,556859
500000002,752668
625000002,714568
750000002,687068
875000002,814887
1000000002,690178
1125000002,749318
1250000002,656337
1375000002,785147
1500000002,783987
1625000002,613878
1750000002,722398
1875000002,752487
2000000002,737848
2125000002,758038
2250000002,752167
2375000002,758457
2500000002,799447
2625000002,762138
2750000002,751028
2875000002,705537
3000000002,800568
3125000002,518589
3250000002,671548
3375000002,783718
3500000002,666538
3625000002,717398
3750000002,799917
3875000002,764398
4000000002,786387
4125000002,647888
4250000002,691548
4375000002,741758
4500000002,734397
4625000002,716897
4750000002,691598
4875000002,538678
5000000002,694647
5125000002,632878
5250000002,679547
5375000002,604688
5500000002,716487
5625000002,803198
5750000002,613198
5875000002,714748
6000000002,612908
6125000002,776867
6250000002,721528
6375000002,836618
6500000002,906287
6625000002,908327
6750000002,709957
6875000002,850197
7000000002,683368
7125000002,646398
7250000002,709928
7375000002,666708
7500000002,836267
7625000002,699677
7750000002,811438
7875000002,853197
8000000002,652858
8125000002,745648
8250000002,640508
8375000002,1003737
8500000002,794028
8625000002,652628
8750000002,732297
8875000002,656878
9000000002,675228
9125000002,801517
9250000002,653347
9375000002,867437
9500000002,798367
9625000002,711147
9750000002,876777
9875000002,739688
10000000002,849358
10125000002,647728
10250000002,794358
10375000002,803807
10500000002,746587
10625000002,792247
10750000002,763718
10875000002,711358
11000000002,817228
11125000002,754817
11250000002,739878
11375000002,867177
11500000002,716417
11625000002,812928
11750000002,685697
11875000002,759637
12000000002,862137
12125000002,858228
12250000002,761617
12375000002,613168
2,556199
125000002,770108
250000002,764527
375000002,658588
500000002,781627
625000002,710188
750000002,730067
875000002,804787
1000000002,588208
1125000002,750907
1250000002,766057
1375000002,741398
1500000002,791048
1625000002,695948
1750000002,784907
1875000002,909477
2000000002,706408
2125000002,846967
2250000002,733578
2375000002,817538
2500000002,799288
2625000002,729068
2750000002,709248
2875000002,674527
3000000002,772128
3125000002,825407
3250000002,693968
3375000002,761197
3500000002,704627
3625000002,883937
3750000002,765517
3875000002,690018
4000000002,853547
4125000002,686118
4250000002,715267
4375000002,835427
4500000002,667228
4625000002,759768
4750000002,720328
4875000002,740728
5000000002,704258
5125000002,766158
5250000002,789417
5375000002,661287
5500000002,515408
5625000002,934437
5750000002,707968
5875000002,769298
6000000002,654387
6125000002,820807
6250000002,825498
6375000002,662768
6500000002,722968
6625000002,865288
6750000002,723817
6875000002,787797
7000000002,695907
7125000002,796917
7250000002,916777
7375000002,716927
7500000002,803417
7625000002,694288
7750000002,767767
7875000002,845977
8000000002,828058
8125000002,912077
8250000002,690368
8375000002,805597
8500000002,816928
8625000002,673548
8750000002,746337
8875000002,609398
9000000002,769957
9125000002,716978
9250000002,710928
9375000002,696398
9500000002,351508
9625000002,725318
9750000002,1017937
9875000002,697428
10000000002,857417
10125000002,749897
10250000002,692078
10375000002,826897
10500000002,666958
10625000002,869317
10750000002,906158
10875000002,713928
11000000002,820747
11125000002,708148
11250000002,784158
11375000002,797187
11500000002,766398
11625000002,853867
11750000002,653498
11875000002,722967
12000000002,785688
12125000002,742378
12250000002,835007
12375000002,731507
2,613688
125000002,772558
250000002,866827
375000002,716498
500000002,755337
625000002,727077
750000002,758827
875000002,830828
1000000002,766067
1125000002,718748
1250000002,745177
1375000002,737407
1500000002,852958
1625000002,687048
1750000002,781688
1875000002,962587
2000000002,712147
2125000002,651288
2250000002,680857
2375000002,581368
2500000002,830857
2625000002,706138
2750000002,771927
2875000002,495339
3000000002,746308
3125000002,818907
3250000002,729528
3375000002,928547
3500000002,944017
3625000002,755007
3750000002,789167
3875000002,759868
4000000002,835727
4125000002,675738
4250000002,757488
4375000002,817398
4500000002,683158
4625000002,782828
4750000002,716598
4875000002,829477
5000000002,762318
5125000002,755207
5250000002,781897
5375000002,650068
5500000002,735068
5625000002,745198
5750000002,765707
5875000002,808217
6000000002,708968
6125000002,780827
6250000002,840817
6375000002,738017
6500000002,753588
6625000002,762148
6750000002,406579
6875000002,796967
7000000002,730868
7125000002,771827
7250000002,816328
7375000002,741138
7500000002,817608
7625000002,724618
7750000002,816547
7875000002,898627
8000000002,773767
8125000002,831317
8250000002,746357
8375000002,748377
8500000002,866228
8625000002,684798
8750000002,733468
8875000002,619218
9000000002,819788
9125000002,812097
9250000002,348419
9375000002,818817
9500000002,751158
9625000002,844098
9750000002,803718
9875000002,694028
10000000002,772518
10125000002,712948
10250000002,712848
10375000002,853638
10500000002,665278
10625000002,771867
10750000002,850197
10875000002,697768
11000000002,804667
11125000002,807838
11250000002,733718
11375000002,431879
11500000002,745618
11625000002,487848
11750000002,710408
11875000002,757878
12000000002,990747
12125000002,694398
12250000002,857787
12375000002,654818
2,588918
125000002,728067
250000002,721578
375000002,660238
500000002,730298
625000002,642128
750000002,728878
875000002,850138
1000000002,743458
1125000002,769997
1250000002,677568
1375000002,815368
1500000002,747747
1625000002,735988
1750000002,811137
1875000002,978337
2000000002,755158
2125000002,855277
2250000002,677568
2375000002,486849
2500000002,900658
2625000002,694118
2750000002,757358
2875000002,640858
3000000002,803348
3125000002,861567
3250000002,691978
3375000002,851497
3500000002,622088
3625000002,796987
3750000002,786777
3875000002,707348
4000000002,834327
4125000002,722958
4250000002,793998
4375000002,792298
4500000002,716648
4625000002,736268
4750000002,693158
4875000002,712008
5000000002,750138
5125000002,1044836
5250000002,965757
5375000002,777608
5500000002,753828
5625000002,801767
5750000002,865547
5875000002,662848
6000000002,710658
6125000002,802288
6250000002,808308
6375000002,672778
6500000002,1000877
6625000002,872797
6750000002,635088
6875000002,852487
7000000002,701958
7125000002,735927
7250000002,863988
7375000002,672548
7500000002,782967
7625000002,588218
7750000002,726698
7875000002,936497
8000000002,744628
8125000002,792327
8250000002,688548
8375000002,722568
8500000002,807277
8625000002,687938
8750000002,797217
8875000002,687078
9000000002,826347
9125000002,835367
9250000002,663378
9375000002,738668
9500000002,719837
9625000002,648578
9750000002,457058
9875000002,558638
10000000002,941787
10125000002,725297
10250000002,977837
10375000002,789198
10500000002,653878
10625000002,697778
10750000002,733107
10875000002,1111786
11000000002,910157
11125000002,664348
11250000002,718038
11375000002,1027997
11500000002,666708
11625000002,742878
11750000002,690867
11875000002,732378
12000000002,799138
12125000002,676198
12250000002,804477
12375000002,717518
2,614068
125000002,756158
250000002,1012447
375000002,679898
500000002,788307
625000002,657518
750000002,715078
875000002,839867
1000000002,701238
1125000002,775558
1250000002,741358
1375000002,645018
1500000002,755747
1625000002,668528
1750000002,748368
1875000002,1045487
2000000002,697368
2125000002,788547
2250000002,639148
2375000002,712888
2500000002,756478
2625000002,789918
2750000002,810567
2875000002,664298
3000000002,799917
3125000002,818647
3250000002,750948
3375000002,670448
3500000002,633678
3625000002,794408
3750000002,956927
3875000002,754678
4000000002,820877
4125000002,691658
4250000002,691778
4375000002,815417
4500000002,681957
4625000002,742698
4750000002,674888
4875000002,763528
5000000002,906567
5125000002,749578
5250000002,780598
5375000002,664488
5500000002,787268
5625000002,820508
5750000002,768558
5875000002,755238
6000000002,777808
6125000002,726897
6250000002,890448
6375000002,694058
6500000002,676248
6625000002,782827
6750000002,862477
6875000002,761108
7000000002,723768
7125000002,759918
7250000002,830748
7375000002,785937
7500000002,754698
7625000002,707898
7750000002,669408
7875000002,834998
8000000002,822608
8125000002,754858
8250000002,734848
8375000002,822738
8500000002,836288
8625000002,694578
8750000002,830387
8875000002,717338
9000000002,722227
9125000002,903907
9250000002,738857
9375000002,776788
9500000002,845637
9625000002,910608
9750000002,914157
9875000002,808838
10000000002,855968
10125000002,687738
10250000002,803507
10375000002,892377
10500000002,783748
10625000002,663658
10750000002,901557
10875000002,860078
11000000002,866517
11125000002,776518
11250000002,832778
11375000002,996587
11500000002,756298
11625000002,881167
11750000002,860407
11875000002,793268
12000000002,915247
12125000002,777327
12250000002,879467
12375000002,781437
2,673388
125000002,798378
250000002,942347
375000002,802647
500000002,864207
625000002,762407
750000002,825358
875000002,887377
1000000002,796617
1125000002,791747
1250000002,589358
1375000002,674558
1500000002,865858
1625000002,698657
1750000002,752527
1875000002,825248
2000000002,780058
2125000002,745928
2250000002,681418
2375000002,719198
2500000002,957667
2625000002,772348
2750000002,759218
2875000002,852417
3000000002,701677
3125000002,794057
3250000002,640978
3375000002,731517
3500000002,563238
3625000002,758548
3750000002,771028
3875000002,673448
4000000002,815698
4125000002,701078
4250000002,665218
4375000002,793138
4500000002,698678
4625000002,765588
4750000002,701058
4875000002,679588
5000000002,761027
5125000002,668938
5250000002,784258
5375000002,704088
5500000002,899127
5625000002,769038
5750000002,782678
5875000002,709867
6000000002,724258
6125000002,642498
6250000002,874357
6375000002,716847
6500000002,737358
6625000002,826857
6750000002,716938
6875000002,941507
7000000002,667818
7125000002,767078
7250000002,764257
7375000002,729498
7500000002,846608
7625000002,671968
7750000002,685108
7875000002,745198
8000000002,812548
8125000002,834398
8250000002,734138
8375000002,1892674
8500000002,829787
8625000002,464198
8750000002,713598
8875000002,670518
9000000002,755608
9125000002,791408
9250000002,686157
9375000002,736438
9500000002,670368
9625000002,893277
9750000002,827838
9875000002,730588
10000000002,766758
10125000002,691198
10250000002,752818
10375000002,802647
10500000002,672338
10625000002,733048
10750000002,724577
10875000002,765478
11000000002,797557
11125000002,686758
11250000002,789618
11375000002,1014247
11500000002,835687
11625000002,705328
11750000002,651328
11875000002,937327
12000000002,846677
12125000002,736028
12250000002,754547
12375000002,664308
